Variable 1,Variable 2,Spearman rho,|rho|
fruit_CSI,leaf_rgb_CSI_May,1.0,1.0
fruit_GGA,leaf_rgb_GGA_May,1.0,1.0
fruit_GA,leaf_rgb_GA_May,1.0,1.0
P gluc,Tot anth,0.9985221674876847,0.9985221674876847
leaf_no3_mg NO3-/ 100 mg DW_May,leaf_no3_mg NO3-/ g DW_May,0.9868035190615836,0.9868035190615836
Hydroxybenzoic,Total polyphenols,0.9802052785923754,0.9802052785923754
yield_Com Ton/ha,yield_g/planta,0.9761730205278593,0.9761730205278593
Procyanidin B1,Procyanidin B3,0.9629765395894428,0.9629765395894428
Procyanidin B1,Catechin,0.9582111436950147,0.9582111436950147
leaf_no3_mg NO3-/ 100 mg DW_March,leaf_no3_mg NO3-/ g DW_March,0.9571114369501467,0.9571114369501467
Procyanidin B1,K-glucoside,0.9523460410557185,0.9523460410557185
K-glucoside,Phloridzin,0.9501466275659824,0.9501466275659824
Procyanidin B3,Catechin,0.9428152492668622,0.9428152492668622
K-rutinoside,Rutin,0.9355108877721943,0.9355108877721943
Phloridzin,Epicatechin,0.9314516129032258,0.9314516129032258
leaf_rgb_GA_March,leaf_rgb_GGA_March,0.9303519061583577,0.9303519061583577
soil_Microbial_biomass_C_incubado,soil_N_microbiano_incubado,0.9292075826420065,0.9292075826420065
Cyan,Tot anth,0.9285714285714286,0.9285714285714286
K-rutinoside,P rut,0.9254437869822485,0.9254437869822485
leaf_nut_Co_May,leaf_nut_Fe_May,0.9252199413489736,0.9252199413489736
P gluc,Cyan,0.9246305418719212,0.9246305418719212
K-glucoside,Catechin,0.9109237536656891,0.9109237536656891
K-glucoside,Epicatechin,0.9105571847507331,0.9105571847507331
leaf_rgb_GA_December,leaf_rgb_GGA_December,0.908724340175953,0.908724340175953
