Cultivar,Treatment,Replicate,Procyanidin B1,Procyanidin B3,Procyanidin C1,K-glucoside,K-rutinoside,Phloridzin,Nar 7 gluc,Rutin,Quercetin,Quercetin-glucoside,Chlorogenic,Catechin,Epicatechin,Gallic acid,Hydroxybenzoic,Hydroxybenzoic 2,Total polyphenols,P gluc,P rut,Cyan,Tot anth,Vit C,fruit_Weight,fruit_Hydrat,fruit_Firm,fruit_Hue,fruit_Chroma,fruit_BRIX,fruit_Acidity,fruit_GA,fruit_GGA,fruit_CSI,yield_Com Ton/ha,yield_No com Ton/ha,yield_Nº de plantes,yield_g/planta,soil_Densidad ap,soil_C org,soil_N,soil_C:N,soil_Microbial_biomass_C_sinincubar,soil_Microbial_biomass_C_incubado,soil_N_microbiano_sinincubar,soil_N_microbiano_incubado,soil_Respiracion_microb (ug C-CO2/gsuelo·dia),soil_N _mineral _sinincubar,soil_N_mineral_incubado,leaf_iso_%N_March,leaf_iso_%N_May,leaf_iso_d13C_March,leaf_iso_d13C_May,leaf_nut_B_March,leaf_nut_B_May,leaf_nut_Ca_March,leaf_nut_Ca_May,leaf_nut_Cd_March,leaf_nut_Cd_May,leaf_nut_Co_March,leaf_nut_Co_May,leaf_nut_Cr_March,leaf_nut_Cr_May,leaf_nut_Cu_March,leaf_nut_Cu_May,leaf_nut_Fe_March,leaf_nut_Fe_May,leaf_nut_K_March,leaf_nut_K_May,leaf_nut_Mg_March,leaf_nut_Mg_May,leaf_nut_Mn_March,leaf_nut_Mn_May,leaf_nut_Mo_March,leaf_nut_Mo_May,leaf_nut_Na_March,leaf_nut_Na_May,leaf_nut_Ni_March,leaf_nut_Ni_May,leaf_nut_P_March,leaf_nut_P_May,leaf_nut_Pb_March,leaf_nut_Pb_May,leaf_nut_S_March,leaf_nut_S_May,leaf_nut_Si_March,leaf_nut_Si_May,leaf_nut_Zn_March,leaf_nut_Zn_May,leaf_no3_mg NO3-/ 100 mg DW_March,leaf_no3_mg NO3-/ 100 mg DW_May,leaf_no3_mg NO3-/ g DW_March,leaf_no3_mg NO3-/ g DW_May,leaf_rgb_CSI_December,leaf_rgb_CSI_March,leaf_rgb_CSI_May,leaf_rgb_GA_December,leaf_rgb_GA_March,leaf_rgb_GA_May,leaf_rgb_GGA_December,leaf_rgb_GGA_March,leaf_rgb_GGA_May
Donna,T1,R1,10.464690891131104,39.277,0.503,1.23,0.0,1.21,0.265,0.0,9.41,0.372,0.466,13.777,0.669,0.117,346.625,0.671,425.0566908911311,50.14987735,0.0,2.496867936,52.64674529,1.387,11.33,85.3146853146853,1.8800000000000001,27.386914825196367,48.326400652231484,8.8,0.8320000000000001,0.467367194733575,0.3085083381663153,34.151105928887475,8.242666666666667,1.064888888888889,18,515.1666666666666,1.32062861674955,2.89505159582981,0.3,9.65017198609937,98.59643,58.49244,21.42322,6.61596,23.63184,48.10417,275.09079,2.5992510170423304,2.9112819140395008,-27.803433268657084,-27.391670114336623,0.04834002623014817,0.047189732376784456,8.844680060351862,18.465274549843596,0.00015400419286195507,0.010109969587902513,0.15257213440198805,0.23280302653164597,0.2585504721793495,0.460711670881068,5.8653854733377315,8.803488630657805,0.4442270334199999,0.7031576825122934,13.174304187516878,17.333868208535065,3.576670034642982,4.409994775333487,0.11772236425670615,0.07944706804543201,0.6832045689437625,0.05718289908424529,0.23947912807500693,0.07039737650697198,0.8601137998773172,0.6551715722702888,4.22993510740978,2.37083159349498,31.058968564907957,2.162831477095797,1.5497051599566012,1.8021178707285133,0.03970156304510776,0.04843435856575877,0.03967277009270592,0.02409228220906231,32.39950980392157,47.03676470588236,334.56742878894636,462.91472006576475,30.74413309990005,25.2277577043494,34.151105928887475,0.5649377944303691,0.42964131640263287,0.467367194733575,0.395403452275571,0.3221447673215775,0.3085083381663153
Donna,T3,R1,11.093133437658327,42.764,0.655,1.792,0.0,1.939,0.307,0.0,37.663,0.885,0.255,13.773,0.68,0.079,1065.962,0.485,1178.3321334376583,34.67907101,0.0,1.777418087,36.45648909,1.237,8.238,83.11688311688313,1.9600000000000002,33.01444879994838,48.45365724070785,9.3,0.8832000000000001,0.5243385173427748,0.34396430461015576,34.1057007743241,7.184,1.3333333333333333,18,449.0,1.34752884461018,2.30963136556556,0.2,11.5481568278278,125.38637,18.27598,23.0493,0.0,18.1364,58.14583,582.8556,2.7863654539272353,2.8668715824357904,-27.567559066675983,-27.391670114336623,0.052583600960984904,0.04951341454120553,8.466463076530477,18.756658166221218,0.025644412267569378,0.16533223927550447,0.10004712018798101,0.25010468722360707,0.16896023146696473,1.2241185715106042,11.759220576695798,9.850356157268774,0.3261057567423683,0.6895709035963958,13.746224924402089,18.83431058545958,3.901799606873924,4.345082007154737,0.13760287098181712,0.12237669884737262,0.42279234369171415,-0.06426465575866996,0.13397075428861313,0.2681366712624192,0.2602718146064433,0.9956298560150447,4.273573661661347,2.9066008222047683,1.4478008882332514,2.846870373767261,1.6936186766139056,1.860243161297862,0.017749691817430226,0.02468645258121113,0.03093401495190259,0.029930338213706716,29.504901960784313,21.872549019607842,277.17146041131343,216.79600574494836,33.42883732462406,23.824300069425963,34.1057007743241,0.48171320319892497,0.38856117877286284,0.5243385173427748,0.32072815237630076,0.29584846819897587,0.34396430461015576
Donna,T2,R2,24.3742342810878,94.019,1.355,3.529,0.0,3.553,0.474,0.0,82.117,1.95,0.538,23.086,2.556,0.132,1071.326,0.857,1309.8662342810878,60.16837244,0.0,2.994016851,63.16238929,2.144,11.416,86.61417322834646,1.94,25.831532108339776,42.61847604032786,9.9,0.7680000000000001,0.4840123673473535,0.32269536695054024,33.28679192782495,7.440888888888889,0.7946666666666667,18,465.05555555555554,1.27181243764011,2.33168198676378,0.2,11.6584099338189,73.66173,103.26392,23.2816,3.22956,16.23584,24.35417,359.34933,2.631805647058823,3.1038972278566592,-27.727180832671813,-27.124278238814945,0.05273648804775616,0.04730498942805632,8.610165346595725,18.669628301378385,0.07326682911904152,0.005284067353558357,0.0976056525597048,0.19350037999328698,0.3980445443126898,0.2517441365841036,6.319209850603527,8.28204768410242,0.29537171521144173,0.43698730089391447,14.560306643737079,17.583654760092056,3.6056270168137425,4.556191035654785,0.1472983567922186,0.11989553849987997,0.23016716515084504,0.07014394960089122,0.13870588100446052,0.07283661616352566,0.36316681885856067,0.4803532503891123,5.485093364913517,2.7324814056226048,1.2713781651240121,6.341255347409483,1.6598665465331055,1.8814200862688641,0.011997059924268338,0.017724370207930665,0.027221691095715102,0.023429244671446442,29.32107843137254,30.92892156862745,306.8021181476671,303.31393124083013,36.96355314884192,25.67078691711112,33.28679192782495,0.4587514498946915,0.43378877832381946,0.4840123673473535,0.29101167038043174,0.32279616006837364,0.32269536695054024
Donna,T4,R2,23.836881530853688,99.404,0.969,2.34,0.0,1.89,0.493,0.0,48.917,1.867,0.64,26.746,1.344,0.136,2323.029,1.242,2532.853881530854,65.25669284,0.0,2.68243543,67.93912827,2.431,10.01,89.65517241379311,1.6199999999999999,30.390011058639864,43.84409652393352,9.6,0.8960000000000001,0.4724612216761795,0.33466844469541973,29.245081785535824,6.4382222222222225,1.176,18,402.3888888888889,1.32783220489474,1.75904500103935,0.2,8.79522500519676,92.56207,143.99591,27.877,7.21336,15.76438,15.15972,180.91007,2.7968962065714074,2.748505570863783,-27.962038335506445,-26.890437435126785,0.05735217784507376,0.040290889856525874,8.97480540658589,17.28983377582058,0.030461986478430875,0.06609553568864845,0.10885275155986252,0.19326574026153742,0.6584909560775267,1.1348226737633822,6.571023680246285,7.880742194471387,0.3890703780134845,0.5628281619954993,13.516496221651403,17.35483102506976,3.8863552458436947,3.825908298219857,0.17779085036276107,0.12080447518631504,0.6024143918107431,-0.09964920948301403,0.1533408105794548,0.12742973578788824,0.716893284423944,0.8339587498855188,4.3040994793721765,2.483252392128373,1.4753699115327052,2.420881087848455,1.7508445088063804,1.6771118605934823,0.011007464128610431,0.015877653621704367,0.02740580201601149,0.028155203817264253,26.627450980392158,23.54901960784314,272.04179587650344,240.345168481763,32.71327817754962,26.72575090083551,29.245081785535824,0.46157588290955676,0.42214765015312866,0.4724612216761795,0.3107575826948703,0.3096786405923029,0.33466844469541973
Donna,T3,R3,18.00866683716643,69.423,0.375,2.232,0.0,2.496,0.438,0.0,28.435,0.755,0.769,24.719,1.471,0.167,2185.559,0.992,2335.839666837167,30.76577391,0.0,1.682975782,32.44874969,2.526,9.094,91.0891089108911,1.3599999999999999,28.18755463369387,46.278328621504905,10.3,0.8192000000000002,0.5135635104748528,0.32610834274493,36.17871165480877,7.017777777777777,1.3813333333333333,18,438.6111111111111,1.14606038131017,2.39884745337506,0.3,7.99615817791685,223.83337,314.19546,37.82054,20.69246,16.2653,18.45139,242.53567,2.867789568853478,3.0543587869930575,-27.242215339805497,-27.101910857592596,0.05464666890322413,0.04375464415541704,8.511787870198237,19.285753168123566,0.03409703105482606,0.01443270752106759,0.0875290916669075,0.21510083489457385,-0.18028924891663983,0.5909714378189455,5.800024108056361,7.743347551047164,0.2785288237246879,0.6321062264362787,13.810604927349948,15.130914515740589,4.027601666215535,4.465432023853932,0.16005972046008418,0.11984319735715,0.41889633797254555,0.04531069267873821,0.14633566709918877,0.017017730699733308,0.7226403773635443,1.164648454641667,3.666999235467875,2.6023643524758215,1.2931000502566592,2.213512978395198,1.660315780744033,1.8170737924151863,0.008854596604541147,0.030410910596540396,0.03189398324349367,0.02363307751069013,29.624999999999993,23.561274509803916,298.1282077085639,235.91944037052085,32.03700573553569,28.14041573808053,36.17871165480877,0.5549029969577643,0.4405695796831593,0.5135635104748528,0.37733127804401545,0.316395214160468,0.32610834274493
Donna,T1,R3,27.83955535214421,106.433,1.955,3.576,0.0,3.354,0.425,0.0,157.121,2.584,0.429,32.103,1.559,0.123,557.678,0.52,895.6995553521442,58.05071248,0.0,3.276939932,61.32765242,2.261,9.242,86.95652173913045,1.2,25.90718916768509,43.23498814617624,10.0,0.8320000000000001,0.45923220445041324,0.320980612109927,30.152888167369824,7.267555555555556,0.6888888888888889,19,430.3157894736842,1.25108412181191,2.95825904001641,0.3,9.86086346672136,10.44186,3.14375,0.0,0.0,20.74416,14.84028,45.90359,2.602377037562012,2.8949349845201233,-28.28128186749811,-27.19646387821433,0.04667287224143439,0.04737968150697708,8.968414135292823,18.25485912472589,0.02434308318437588,0.6176429607941081,0.08825532022107552,0.16479434425238892,-0.028645773040104936,0.28693714799485703,5.51593899637726,8.117793200122827,0.2855474362979724,0.5092352743078137,14.038199948733457,18.879849926129157,3.8759172078960025,4.374875348480689,0.12169159662039501,0.13353807193534303,0.2835143006118852,0.25376598008952206,0.40845392675336656,0.07049879780940946,0.1516606064211159,0.4933044490153591,4.6952624252647475,3.2039018513967927,0.8852746581146245,2.9018311356122095,1.7717179329679207,1.9578482514014193,0.04571782929296472,0.10535080119235823,0.02496515169343273,0.023435374385132858,27.762254901960787,25.64460784313725,289.4313480187738,244.81725864570168,31.676126756562535,25.72690518861259,30.152888167369824,0.504220592574504,0.40113965114346617,0.45923220445041324,0.34465364050751346,0.2980349687467138,0.320980612109927
Donna,T4,R4,17.15596841044688,59.876,1.19,1.606,0.0,1.836,0.312,0.0,26.268,0.727,0.339,21.919,1.893,0.143,495.632,0.718,629.6149684104469,42.0229948,0.0,2.258230106,44.28122491,1.831,8.370000000000001,87.74193548387098,1.44,31.417360386806628,48.957520362044484,9.8,0.7807999999999999,0.4559883830367405,0.3221611952219605,29.51481728216415,7.724444444444443,0.9973333333333334,18,482.77777777777777,1.3605675433617,2.11324716120662,0.2,10.5662358060331,95.77389,309.04959,31.24117,22.34686,16.85463,46.1875,573.57328,2.7702607819137444,2.7857358817343965,-28.083025533936407,-26.975840163430284,0.058455969299301504,0.042245589299686546,9.196483796220434,19.0195174074604,1.28680033667628,0.004535830592247821,0.12071765880710007,0.20086739336407006,0.39574397895806984,1.314482941361019,5.8120024387737335,8.033936285453006,0.31393957431249736,0.580993568694955,14.251526718968393,17.62466063901557,4.226124114661836,4.66608717469869,0.1804573228554387,0.14677496230674808,0.4163021734085063,0.07764910333732393,0.29151998240785465,0.04009264713548807,0.3043540848372402,1.4201460897805172,4.2699612553597355,2.6918310268006764,3.479589507082706,1.8462604806656846,1.8348376200154324,1.8309842208987954,0.007848473689728987,0.06171366350010733,0.02845371036764121,0.023942294306414907,30.58823529411764,26.65686274509804,299.2685186783841,258.6036354782503,37.962035421713104,20.238608449142877,29.51481728216415,0.38817210249992296,0.42710209293570567,0.4559883830367405,0.24171048146678425,0.34026336362002213,0.3221611952219605
Donna,T2,R4,28.441658746109823,110.431,1.474,4.342,0.0,3.484,0.446,0.0,112.933,1.489,0.929,29.279,1.456,0.132,574.66,0.677,870.1736587461098,39.84537833,0.0,2.019259182,41.86463751,1.862,10.758,87.35632183908048,1.5400000000000003,25.079892284352436,41.75694433264963,9.5,0.7680000000000001,0.48164674969221477,0.2932119491672007,39.14584762458663,8.36088888888889,0.8408888888888888,18,522.5555555555555,1.26212422031742,2.33165823124193,0.2,11.6582911562096,60.40511,137.23285,31.56237,6.92526,21.46608,37.75694,381.18245,2.8740356302521,3.1026050796157385,-27.67431247705536,-27.07242658234496,0.055859911049755955,0.037780108905771,9.710223278609707,18.162714144384832,-0.0007739829663926132,0.0030764472716233696,0.08779058981067152,0.1946833892993502,1.4586914208696196,0.6380355904612978,5.429623561901055,8.745006004356886,0.2284039252866526,0.5657066345075962,14.91957741714343,16.43419617829926,4.351681002527405,4.502638735086334,0.1823832695888749,0.1079468799950521,0.32089435988259934,0.023385892928668276,0.0637449020603563,0.45893268071856136,0.28794528841342604,0.7595447165715815,4.745627179364593,2.4754554685588976,0.5955902179841055,2.013805842298893,1.7923195992900305,1.8811632509660519,0.016782454779519645,0.07103742751578093,0.026458992485452762,0.025319368410526618,26.786764705882355,20.973039215686278,257.4412754049241,200.77579184076467,35.907152180600775,25.133134994526923,39.14584762458663,0.47537468331247473,0.3709004439560584,0.48164674969221477,0.30568295127336303,0.27855444651329947,0.2932119491672007
Donna,T3,R4,48.26108628977642,188.95,4.118,5.476,0.0,4.745,0.887,0.0,206.402,4.659,0.926,57.664,2.351,0.239,1561.655,1.326,2087.6590862897765,46.01640954,0.0,2.654304325,48.67071386,3.864,7.55,92.30769230769234,1.52,27.288079169648082,44.30003386003221,9.8,0.8064,0.493166099427164,0.2839160892524645,42.52823005497702,9.149333333333333,0.7733333333333333,18,571.8333333333334,1.15152376637229,2.53828898552737,0.3,8.46096328509124,77.80854,229.20343,0.0,17.15729,17.09036,33.88194,319.00778,2.603269188716378,3.0026552555448403,-28.279248469205168,-27.357102343356637,0.046446729925738825,0.05232757291337803,8.47961900586966,20.585437597668562,0.008934790395942294,0.0003422484104927772,0.10751869046674885,0.15893726854373277,-0.06361291249860303,0.9056210905378852,5.931974455784139,9.218106173122559,0.31119732286561846,0.4673038770759117,14.33654151306355,18.289854381897683,3.5533358854683685,4.807489784078927,0.17736566468291742,0.15284964125384462,0.18611135436854123,-0.007663076665549958,0.10158201214847051,0.08555333977460357,0.2014241207889521,1.071219694451384,4.929351786286187,2.3065576031680752,3.038847162566149,1.4900838054920797,1.600256755057631,1.9057297398426545,0.026527569006582808,0.022092922850331303,0.024905655424604125,0.023119879453544937,26.779411764705877,24.16176470588235,278.6909331325411,233.9669284969725,36.972337197389116,24.91716120928629,42.52823005497702,0.46129226315842975,0.4456899972528306,0.493166099427164,0.290680038765605,0.33451635413381053,0.2839160892524645
Donna,T1,R4,18.247349582941062,66.172,0.721,2.098,0.0,2.126,0.39,0.0,48.634,1.702,0.4,22.694,1.16,0.108,248.86,0.637,413.9493495829411,35.38037528,0.0,2.032379354,37.41275463,2.421,11.877999999999998,84.95575221238938,1.5399999999999998,26.272265948536045,36.75696532631604,9.7,0.8320000000000001,0.4472607165023448,0.32554809834864573,26.935595689801726,7.846222222222223,0.8702222222222222,19,464.57894736842104,1.3714407463354,2.37063365334899,0.2,11.8531682667449,8.66824,191.24901,0.0,14.59661,23.63184,13.13194,225.15997,2.6852157252175943,2.8749425287356316,-27.570609164115393,-26.976856862576756,0.051658000202771094,0.04585282890505832,8.779871041941576,17.107141450586113,0.010481310246879314,-0.002018279109341716,0.10928032772733982,0.1214623804159712,0.8052660800620869,0.16623558365824226,5.926418734055187,8.005611597194587,0.29011405765910275,0.33573204554053265,13.593355298479187,18.169611649180172,3.63383536166053,4.048901312081679,0.12044674594793132,0.17122480108879906,0.2830423765010756,0.05264555534926701,0.31719214563821785,0.024985179309662216,1.0716892037155017,0.2590560010801498,4.131031321676086,2.808285800882185,1.2360640519029635,1.1201189478680673,1.755978747392148,1.7671842774424793,0.01575284207486367,0.023417424838043273,0.02812289922716393,0.018936784354469025,29.833333333333325,22.877450980392158,303.58536006241303,220.25080370070432,40.49482156149034,23.871211691708293,26.935595689801726,0.4655958431264812,0.39366697021187086,0.4472607165023448,0.2776952143300465,0.2992152338993852,0.32554809834864573
Donna,T2,R3,38.636230569198176,140.346,1.926,4.628,0.0,4.08,0.65,0.0,103.372,2.062,0.916,40.117,1.998,0.224,978.279,1.013,1318.247230569198,56.15293675,0.0,1.897238449,58.0501752,2.812,11.256,91.0891089108911,1.1,31.54900775011848,46.843852318100396,9.5,0.8576,0.48744346682539147,0.34307497227394324,29.6919881600258,5.846222222222223,0.6808888888888889,18,365.3888888888889,1.28065722924626,2.50754858026767,0.3,8.35849526755891,86.79139,113.87937,30.29929,4.18686,17.25242,21.77083,257.63727,2.781225519116201,2.823035625517812,-27.598060041070088,-26.8762036470762,0.04762569714831538,0.04195828598510976,8.429740455913993,16.78853863604768,0.0071844866514195315,0.23877053611258026,0.11707457727404437,0.13361408751632656,0.467838682869841,0.01394282807273857,5.740611761540141,7.1103339230315985,0.2867463927093601,0.40717587050782095,14.267017071840618,18.160130922698357,3.7596607673121913,4.320087420285831,0.1634348389194353,0.16713093151110606,0.161579727214312,0.12319697159048125,0.14453166580156307,0.18852941449431299,0.9501671185179418,0.21359204792820133,4.285053689639235,2.776675387950641,1.0577412260431247,2.3873921135634686,1.6535244906812414,1.8607527811669966,0.01623816240741684,0.09907398362150013,0.02903222778309322,0.01834866100753102,31.07598039215686,26.874999999999996,302.97338785372784,260.61869666408063,41.46827702580906,23.37841486553678,29.6919881600258,0.3923020766561862,0.4145505835190212,0.48744346682539147,0.2296547342877195,0.317832178504929,0.34307497227394324
Donna,T4,R3,80.51851320514987,363.674,3.903,13.378,0.0,9.379,1.671,0.0,246.477,5.957,2.483,88.917,4.338,0.471,4398.431,2.06,5221.65751320515,61.12435953,0.0,3.064498491,64.18885802,4.972,8.38,95.6521739130435,1.18,25.586263342801338,45.29145725189244,8.7,0.8064,0.5102872572062305,0.31771739517515724,37.3204432993115,8.312,0.8728888888888889,18,519.5,1.29925459220369,2.33684099763866,0.2,11.6842049881933,177.14965,263.50641,32.52748,20.02869,15.89698,58.34028,545.9987,2.686905684529004,3.2355011764705877,-27.67837927364124,-26.88738733768737,0.05279758670609994,0.0475103300163427,9.179219818748674,19.509345324967093,0.0015115525215923084,0.006715791395452396,0.11485497114874826,0.20151759602729147,0.39546830150678863,1.0956331796362124,5.663452825053264,8.617212907925232,0.35091379860545546,0.5859754175296623,14.693439224249392,18.0707008302297,3.7844322681782727,4.830532753118274,0.18908428287426693,0.13551780046234496,0.4339422720580124,0.2389536358630181,0.07647690928372906,0.07947567144835485,0.26083386247806595,0.7984012034501539,4.531959730061866,2.6397191708392214,1.2151715598707074,2.1351769624983232,1.7148575379846613,1.9686946120380582,0.019706375123480255,0.1356353983548628,0.02582789275630868,0.027755553380211496,34.55147058823529,27.291666666666664,356.42119443197123,268.9894211183389,30.22935905751818,23.37627541196557,37.3204432993115,0.5271807560819262,0.3859833762366495,0.5102872572062305,0.36886910757709823,0.2957473571217805,0.31771739517515724
Donna,T1,R2,13.14996076278965,42.324,0.568,1.72,0.0,1.829,0.366,0.0,26.274,0.844,0.43,17.124,0.984,0.116,1018.327,0.556,1124.6119607627897,66.89873671,0.0,3.181185662,70.07992238,1.534,10.206,87.05882352941178,1.2600000000000002,32.614014877073465,44.306171127733435,10.2,0.8448000000000001,0.6014964439424922,0.37322546879928326,38.07264284346873,7.809777777777778,0.8844444444444445,19,462.42105263157896,1.3793128778487,2.38264272805371,0.2,11.9132136402685,180.37339,93.36736,31.89763,3.20643,22.95412,35.74306,194.12235,2.619457863145258,3.0905664705882345,-28.337200320553972,-27.14156212430494,0.045732108541059406,0.05706682906684511,8.956759620637664,17.383455695919885,0.0034608376403943426,0.007921583255067838,0.17749074146967875,0.13715655366327248,0.6856007099558324,0.1910943181781253,6.909637279838098,7.828039365859364,0.5111079652143475,0.39980528959344264,14.621326982756868,18.082909666038393,3.7301520468840708,4.263729507952228,0.1759156453080537,0.11617428750196458,0.21507261068277472,0.16674343284024046,0.060115933058019065,0.0410736273366313,0.515123921356133,1.0013035671475297,4.363810494941989,2.5243629718505063,1.4576145831238785,1.2695028359797593,1.7149764092204782,1.760404576921555,0.08448778701122583,0.0282725168667181,0.030111807630907025,0.020368669329123755,30.781862745098035,27.100490196078432,318.3562182759131,262.14442054631877,35.94252792901913,24.664145236071715,38.07264284346873,0.4429202532482722,0.4204274900033574,0.6014964439424922,0.28385758472981026,0.3170109954586918,0.37322546879928326
Donna,T3,R2,24.641472646272696,95.035,1.085,2.764,0.0,2.82,0.525,0.0,74.034,2.036,0.678,34.561,1.345,0.201,789.25,0.895,1029.8704726462727,65.71009052,0.0,3.33745219,69.04754271,3.498,11.414000000000001,91.58878504672899,1.2200000000000002,29.017606691130304,42.116906344127415,10.7,0.8576,0.49024373492872575,0.25368928248018424,48.293773696282656,7.915555555555555,1.4613333333333336,19,468.6842105263158,1.36975970928177,2.07702836267456,0.2,10.3851418133728,95.21602,133.20078,36.97581,5.22341,21.33348,71.32639,526.13273,2.7743026023574964,3.4401027611044412,-27.172063098699045,-27.927470564526455,0.04445016046813455,0.061714681723159165,8.110419087758068,19.49122270096868,0.007551896874092998,0.1323288704324602,0.1352481398772496,0.23234996781816178,0.22606155308675385,0.9609745856295702,6.952989120959517,10.039847192471505,0.29750046001452546,0.5951914830406593,14.804648627695762,19.692766756101825,3.2600655746457616,4.842763905941951,0.09978622708276248,0.13510793142849903,0.2267733208902467,0.1234636779081634,0.1255390953591006,0.008714899832140344,0.32493762159103723,0.8433339978478528,4.05248983137126,2.5040364241719812,0.8053069283806187,3.050912860521503,1.7451489983670996,1.9148425487151062,0.029846623934755605,0.06754083300838312,0.03432040487353736,0.02337171320177231,26.740196078431367,32.84803921568627,270.92397242584974,315.2402995747243,35.01860971075514,24.812531396169913,48.293773696282656,0.39100003306777326,0.453720166932904,0.49024373492872575,0.25431884201743876,0.34136201920304904,0.25368928248018424
Donna,T4,R1,52.970886945976936,195.515,1.237,6.497,0.0,6.152,1.099,0.0,146.503,3.824,0.924,62.48,3.535,0.344,3894.142,1.777,4376.999886945977,50.10547615,0.0,2.553415726,52.65889188,4.763,10.219999999999999,95.55555555555554,1.1,26.33046142864521,41.50624169929145,8.9,0.8448000000000001,0.5741748318630886,0.3303025446923675,42.546394136900446,9.531555555555556,1.439111111111111,18,595.7222222222222,1.32905889893614,2.41870264465653,0.3,8.06234214885512,153.75927,82.4106,28.89256,2.20168,20.0517,32.99306,366.04194,3.227139403706688,3.2285867856147195,-27.98542241587526,-27.63466121034302,0.058839825087984854,0.06420584629299637,9.071867106512826,19.550664701813528,0.0009393636674863482,0.0014837506214867328,0.1327475532075817,0.16674967958554585,0.5937559582994999,2.6118079746256226,6.673260773762187,8.73249553681875,0.43679949434792203,0.4462161321084959,14.356095090970456,19.62484685488,3.834469982794484,4.828034784536979,0.22256913535275027,0.14613091127600036,0.27174143469597895,0.2421773712473324,0.07275817352907356,0.04893714514753438,0.3913861430856806,0.6696541501469448,4.722471270691821,2.7028512750794262,1.3432772105096555,2.6879553239565226,1.748554376499381,1.9322565724696013,0.07028818640843071,0.026491383874314715,0.03334834509271125,0.030138890786675858,29.289215686274513,27.931372549019606,279.8510957985335,271.8646345047655,33.05881898997718,23.552303285355872,42.546394136900446,0.43992698381205253,0.4215541260102626,0.5741748318630886,0.2951680351637613,0.3226407839266873,0.3303025446923675
Donna,T2,R1,16.71400937534206,58.193,0.433,1.951,0.0,1.995,0.454,0.0,42.9,1.198,0.577,25.109,1.088,0.163,620.955,0.63,772.3600093753421,73.42268342,0.0,3.169619082,76.5923025,1.862,10.012,88.659793814433,1.2600000000000002,26.360261733190054,33.78273079548188,8.3,0.7424,0.5835819775546123,0.348287916018029,40.495383205769926,7.436444444444445,1.5093333333333332,19,440.3157894736842,1.29751473349105,2.42115797564941,0.3,8.07052658549804,13.60322,62.34036,4.60964,0.0,23.98543,68.14583,426.17164,2.764043572984749,3.3594760960563996,-27.633644511196547,-27.36828603396781,0.0504705057166234,0.05942007274667066,8.566100408459828,20.74707907369553,0.0044239722022371055,0.042546784382100085,0.08808822421562916,0.11473534040362438,0.03840351534873807,0.8392726152031232,7.042110506118505,8.046656374366961,0.26099946410756214,0.36752723210414595,15.095193750724183,19.01761312724477,4.136738533994958,4.819213705385288,0.18292008820006234,0.10969004316525544,0.1621278332188517,0.11644267702250218,0.029395002344252956,0.02059941775459583,0.0709940141123065,1.1174322214756143,5.495918146916123,2.5722923964430207,0.7724778719612635,1.4857702105621522,1.7855025145566816,1.9457670288145688,0.012059052910887809,0.032350698287356934,0.03134754273053295,0.021753552196155383,30.35049019607843,32.08088235294117,291.6914002506336,334.908470121528,35.28629103411845,26.594516086265525,40.495383205769926,0.46121150148041823,0.3726735973328715,0.5835819775546123,0.29872218491499,0.2737252797194495,0.348287916018029
Dream,T1,R1,13.495293687005248,56.538,0.503,1.503,1.483,1.173,0.296,5.334,50.693,2.144,1.309,13.975,0.43,0.101,1200.144,0.675,1349.7962936870051,,,,,2.074,9.282,84.84848484848484,1.3800000000000001,34.60550523251337,55.37724171534729,9.8,0.8960000000000001,0.47127745897052353,0.3092657173671942,34.23133341692851,3.7973333333333334,1.464888888888889,17,251.2941176470588,1.32062861674955,2.89505159582981,0.3,9.65017198609937,98.59643,58.49244,21.42322,6.61596,23.63184,48.10417,275.09079,2.4384856988667023,3.4587380118371778,-28.339233718846916,-27.738364523282986,0.06209939565965404,0.06697676942852904,9.22816289895811,13.761111348005798,0.6559447420348458,0.33893430553448717,0.13690564006615655,0.10275388282317431,1.028824068044065,0.842231926327354,6.010516626812742,7.769231883561157,0.4118364123597657,0.33206298064135326,13.04084622231512,17.116836221732928,3.4056078114367665,4.4496333388415135,0.05901700253936785,0.05673320530554064,0.5175608003672835,0.014786567476899758,0.0654559815605877,0.059401068739115624,0.5809779266206936,0.3725623689643946,3.47239772688651,2.5707431978745885,9.394810331882937,1.6888246051403082,1.4768276035840098,2.0201629942119212,0.011335268781858306,0.024118513319918607,0.023900299233170826,0.020883780571572544,29.441176470588236,32.62254901960784,287.53956900662405,331.4625992644568,31.99339756325451,27.96153047720087,34.23133341692851,0.4971240575684498,0.32972195089689915,0.47127745897052353,0.33818284952636724,0.23764452312878748,0.3092657173671942
Dream,T3,R1,14.844843747478812,56.629,0.482,1.963,1.781,1.586,0.298,5.732,59.803,2.366,1.313,15.588,0.608,0.107,489.085,0.808,652.9938437474788,,,,,2.633,10.674000000000001,85.92592592592592,1.3399999999999999,34.43000877917291,55.6244271880619,9.0,0.8320000000000001,0.48784186990629047,0.34717760192505276,28.9903199628015,3.1875555555555555,0.9760000000000001,18,199.22222222222223,1.34752884461018,2.30963136556556,0.2,11.5481568278278,125.38637,18.27598,23.0493,0.0,18.1364,58.14583,582.8556,2.7194607760958522,3.2459098489970697,-28.411419358246302,-27.641778104368314,0.05817293445772143,0.06767869107378797,9.328573154559674,14.602595420331516,0.017393107037061577,-0.0030472556203977492,0.15226800587570305,0.11153326573375438,0.4444604956077179,-0.036920981681194134,6.698503108595803,8.174606482549473,0.4402132672155059,0.33927934425909706,13.352315284973242,17.136782282337983,3.144835634611988,4.444343325770779,0.03747660450407328,0.056289841751561195,0.2933745403100497,-0.016451947093385804,0.05936137767634624,0.06458894256823816,0.40170168358517466,0.15965206767827786,3.318592687431365,2.8411508093431315,1.4766513938474093,1.0459116127149164,1.6159643262668044,1.890313587157671,0.0009247344764753147,0.055355067398319587,0.03286250830143076,0.026084371174688807,33.982843137254896,49.340686274509814,344.51381931523616,470.0455965943585,28.689781458135954,29.954520312920447,28.9903199628015,0.48160668681257157,0.3579088363874387,0.48784186990629047,0.3434895912823167,0.25230753707830067,0.34717760192505276
Dream,T2,R2,29.57037494126757,104.756,0.81,2.64,3.091,2.372,0.43,8.168,133.688,4.444,1.903,25.704,0.899,0.188,2191.366,0.92,2510.9493749412677,,,,,3.706,11.36,90.43478260869566,1.36,26.1036260956839,46.09132781771426,11.3,0.9600000000000001,0.41810034543105046,0.2852483389802913,31.380424080469727,2.9759999999999995,1.1608888888888889,17,196.94117647058823,1.27181243764011,2.33168198676378,0.2,11.6584099338189,73.66173,103.26392,23.2816,3.22956,16.23584,24.35417,359.34933,2.410571428571428,3.211500951039098,-28.720495898773265,-27.34388525445252,0.06275070294270695,0.06799243823560525,7.68691599969922,14.870403254988618,0.04311047588383662,0.00017116550224687203,0.1510028466925509,0.11644704565788994,1.54699793965661,0.3355575757386569,6.258860409205655,7.880565320607596,0.3341329536630822,0.3813486753109945,14.266265977757241,17.777584701891577,2.7883271075904785,4.362423041455922,0.045812215597123576,0.06499107541594615,0.23863675140252788,0.07643010362150979,0.1670769740570284,0.034621106323692606,1.6343792039810352,0.3481462956543228,3.6216416498997153,2.9773156508259837,1.406644582395808,1.2201047424343094,1.5413481147225092,2.029021352613023,0.0013710504541161132,0.04142010692720974,0.0257552624229748,0.022843264201780313,38.84803921568627,33.19607843137255,387.4343194942283,320.48733762669,33.03627149707333,28.2326704404913,31.380424080469727,0.42089489026586446,0.3416168106386655,0.41810034543105046,0.2829043425617853,0.244918585445431,0.2852483389802913
Dream,T4,R2,12.7790636991137,46.07,0.48,1.6,2.347,1.625,0.244,4.48,29.891,1.573,1.449,11.913,0.542,0.134,865.277,0.671,981.0750636991138,411.1245402,33.08638741,12.7780977,456.9890253,2.479,9.374,87.64044943820227,1.32,26.674328279142447,44.55149941359999,10.3,0.8320000000000001,0.5131864106712245,0.3658322777082503,29.030657350352424,3.312,0.7742222222222223,17,219.1764705882353,1.32783220489474,1.75904500103935,0.2,8.79522500519676,92.56207,143.99591,27.877,7.21336,15.76438,15.15972,180.91007,2.8520931123212248,3.09941475343024,-28.700161915843857,-27.530957897403052,0.06704757938995382,0.07900327174426823,9.382658552449643,17.643743695262284,0.04162618525497024,0.003523225724523455,0.17015802312273712,0.19978330698066374,0.7048921277549258,12.739001228634228,6.9380142106479665,7.921541375045758,0.5005829368146506,0.5033385302755496,15.229391786636526,16.73235759929606,3.2939003348579186,4.63701860590412,0.041510533263478915,0.07717505835197735,0.23365187269649687,0.14689667022253666,0.18534757963881415,0.06957361326254063,0.4805606964963027,2.6833519942175514,3.501283982929846,2.549054280338729,1.5649397528190245,2.0023135180443434,1.774254841461139,2.024742539750071,0.0021727114008419693,0.02568108144231058,0.029717731786883382,0.02222971595842742,33.115196078431374,58.52696078431373,335.6496663129067,578.1582612300082,28.55609678875062,27.510673254836306,29.030657350352424,0.44417237721681224,0.38310266441466617,0.5131864106712245,0.317515173020766,0.2784482480863082,0.3658322777082503
Dream,T3,R3,7.482149520716584,26.976,0.179,0.797,1.338,0.7,0.213,3.666,16.898,1.047,1.171,8.56,0.383,0.126,880.774,0.584,950.8941495207165,351.176185,16.02897415,11.89892297,379.1040821,2.03,12.132000000000001,82.05128205128204,1.5,27.423463103786233,42.6868562909006,11.2,0.8192000000000002,0.408619115208123,0.26025546127000576,36.0740683148301,2.1573333333333333,0.8524444444444444,17,142.76470588235293,1.14606038131017,2.39884745337506,0.3,7.99615817791685,223.83337,314.19546,37.82054,20.69246,16.2653,18.45139,242.53567,2.5049725490196075,3.31436484824953,-27.971188627824677,-28.019990186855253,0.07342465446390752,0.07256433050946146,8.639333583809728,17.3316060486642,0.01497768151683311,0.003929763273158222,0.15313112567673334,0.19528362147043435,2.080925876696802,0.6540655037595748,5.757597726496864,10.369802297424718,0.4255493668005404,0.5712762128486712,14.43491057682015,16.01225191664283,3.789453580139151,4.39521839544221,0.04726449504755834,0.062007162922925026,0.27244370774634746,0.0053773168220166,0.11498616186402338,0.1974592044597077,1.717653946196191,0.4148260587713237,3.113992253131311,2.5630842266157656,1.2987926225470958,2.7721124991161834,1.7244366007158975,1.9514223202340695,0.0018976077993738754,0.0236889478167838,0.027340117103119312,0.02535888800320135,33.60661764705882,27.386029411764707,328.79970303354685,265.3427905412722,28.681441736080945,26.328347981669975,36.0740683148301,0.4670053569793345,0.3513457312047857,0.408619115208123,0.3335946959291023,0.2586442551950315,0.26025546127000576
Dream,T1,R3,12.409261191489346,48.178,0.3,1.297,2.641,1.498,0.257,5.494,52.8,2.069,1.152,13.427,0.523,0.132,1675.207,0.643,1818.0272611914895,347.4647154,11.56698847,10.44992531,369.4816292,2.644,13.1,87.1794871794872,1.3800000000000001,30.184549162349235,40.73296576484457,10.5,0.9728000000000001,0.47701376382487254,0.30078224362300676,36.86057118028872,3.544,0.9146666666666665,16,249.1875,1.25108412181191,2.95825904001641,0.3,9.86086346672136,10.44186,3.14375,0.0,0.0,20.74416,14.84028,45.90359,2.5046854584877942,3.335549566440121,-28.16639486394697,-27.90916997988999,0.05899671008404067,0.0853821294209587,9.97359135638122,16.36904303239454,0.0067414555446316405,0.0041024188753582425,0.124692531615803,0.12979678300054814,0.2019866114398235,0.3175120071755758,5.843357488743387,8.799115291872337,0.39348112684799463,0.36706477013451055,14.053254594519952,19.406514283028105,3.0760258597331225,4.700109568064955,0.043109773824482875,0.07834317776607003,0.237718061610716,1.0863404474587735,0.07255078893390504,0.13567953481479025,0.32481538507178315,0.2385494763395559,3.496791407822143,2.901061862316948,1.8934160215921694,2.0459635098325375,1.6062428100417536,2.050751130841623,0.007162711592135961,0.027659619817387484,0.02211669128786988,0.03156802086464954,34.99754901960784,25.91421568627451,355.4855156892619,250.2338324282977,32.65884635849866,29.585926978957804,36.86057118028872,0.4595536613656477,0.336823043320479,0.47701376382487254,0.309104829929896,0.23692360326811315,0.30078224362300676
Dream,T4,R4,7.955913314483388,34.698,0.223,1.021,1.975,1.048,0.247,4.559,23.133,1.034,1.863,12.446,0.467,0.144,495.623,0.958,587.3949133144833,373.3127605,14.78573689,12.04419868,400.142696,2.623,12.569999999999999,86.0215053763441,2.06,,,10.1,0.8704,0.40774027553086445,0.2550269375171695,37.44198350751037,4.711111111111111,0.824,17,311.7647058823529,1.3605675433617,2.11324716120662,0.2,10.5662358060331,95.77389,309.04959,31.24117,22.34686,16.85463,46.1875,573.57328,2.8135415738455047,3.3414870493834443,-28.74489667828855,-27.813600260121785,0.06482358947208197,0.060251188285153225,8.096708355572142,16.812638142515876,0.007941080325585824,0.0034464224367893714,0.1474542145942802,0.13634306456710088,0.8540170921480696,0.1524994992894009,6.793038513775401,13.433697540034911,0.42765201317145407,0.42745288133093245,14.852553808128791,16.522978210894355,3.4138643556290673,4.027730748273374,0.05167860713335086,0.06497590844938363,0.3359741250288222,3.6087544427176974,0.05916659743157362,0.21417785521745697,0.600525870860148,0.24901840483807688,3.1241986786757745,2.4803226940064214,1.9910676340299431,1.8593680825905208,1.7183156088599767,2.119119601960411,0.0073983300099673445,0.01991557115184573,0.029116996840037965,0.03054464441227151,38.44607843137254,30.91176470588235,380.5788797403736,311.51632274395195,33.682385857248725,24.66484382664127,37.44198350751037,0.410785054383769,0.36938420174394304,0.40774027553086445,0.27298401045959075,0.2777654833491035,0.2550269375171695
Dream,T2,R4,10.253174079057649,41.157,0.138,1.487,2.169,1.176,0.263,6.761,32.847,1.786,1.964,11.972,0.448,0.142,795.582,0.915,909.0601740790576,411.7653268,17.23378856,14.41951894,443.4186344,2.69,9.984,87.07482993197279,1.64,36.27234245197996,41.614263179828136,10.0,0.8064,0.4388456040210408,0.29192866518116,33.74323196595045,2.8177777777777777,0.4640000000000001,16,198.125,1.26212422031742,2.33165823124193,0.2,11.6582911562096,60.40511,137.23285,31.56237,6.92526,21.46608,37.75694,381.18245,2.243525117251511,3.3916506095395897,-28.352450807751026,-27.083610272956133,0.0632806171900601,0.0551501152547571,9.204269058388364,14.587273244989278,0.007848552922432224,0.0029187710302724756,0.15823480894105857,0.10980381497936285,1.4714395229287518,0.21290292652662207,5.948884610649203,8.26301592970854,0.45362740655998796,0.30154050744202276,14.176920790116986,14.89522988138969,2.845320444228503,4.259996727396161,0.046301938580552836,0.06849615665847716,0.15902423725373188,13.946345205533154,0.13603628350265662,0.06231370365724387,0.4091333418917583,0.3008423812560657,2.8441480467487796,2.7136089039130518,1.778043490411704,3.8620937116427054,1.5056516917234366,2.1043513231587294,-0.003928776246975769,0.03842066314045086,0.023175118726339008,0.02862710023066392,40.4313725490196,25.97058823529412,386.60711942072675,249.66918126604614,29.32062973838389,25.741299184515515,33.74323196595045,0.49025963289683827,0.28996770380771136,0.4388456040210408,0.346527692988614,0.21399682549372687,0.29192866518116
Dream,T3,R4,15.861437334078289,107.682,0.43,1.502,2.424,1.631,0.46,6.84,52.755,2.431,1.56,17.049,0.664,0.103,1075.188,0.872,1287.4524373340785,467.8615529,19.13054226,19.89184158,506.8839368,3.066,6.7379999999999995,86.95652173913044,1.8199999999999998,34.72964650957153,49.376444788988195,10.8,0.8448000000000001,0.474615396355422,0.23365625286163375,50.6733199136466,3.1564444444444444,0.6453333333333332,18,197.27777777777777,1.15152376637229,2.53828898552737,0.3,8.46096328509124,77.80854,229.20343,0.0,17.15729,17.09036,33.88194,319.00778,2.2412011315006883,3.407685702018033,-28.58222481485331,-28.259931185422232,0.05304158471449995,0.05904257749261587,9.964484385716782,13.725542648395328,0.009798292612526746,-0.004254941407271989,0.15779278851661274,0.13690354329160126,1.5294996827941307,1.8056783122629794,6.342342710218446,7.910357724795178,0.398102980542084,0.32504461460478706,14.656653701219495,16.27654304379778,3.294315949822816,4.01547262414685,0.06094229663916373,0.06835689741267356,0.22176731158643728,0.45492358630509394,0.09264260807410248,0.41062216306035987,0.470121252334506,0.7973433033385102,3.1181622268252407,2.3591611343606482,1.097897304457183,1.0614059653932606,1.459229362905416,1.71304543701091,0.008718531636144883,0.02700302280842344,0.026668104482265666,0.026083401424067107,38.349264705882355,44.19117647058824,369.38224528879175,458.08206147598463,36.99712950419399,26.71745115794552,50.6733199136466,0.40044215428914426,0.3496334140526162,0.474615396355422,0.25216180570393626,0.2560660287130018,0.23365625286163375
Dream,T1,R4,13.437185487172481,55.825,0.422,1.339,1.106,0.667,0.249,3.441,36.826,1.499,1.746,14.791,0.5,0.109,539.832,0.713,672.5021854871725,359.4520678,15.11940309,14.84019579,389.4116667,2.354,11.36,83.18584070796462,1.56,22.279814593367444,39.14222783644283,10.4,0.8576,0.4130848544509218,0.2637313930181205,35.881829937847954,3.175111111111111,0.7262222222222222,15,238.13333333333333,1.3714407463354,2.37063365334899,0.2,11.8531682667449,8.66824,191.24901,0.0,14.59661,23.63184,13.13194,225.15997,2.8229239415511422,3.0689247606019148,-27.654995193272423,-27.341851856159582,0.054963202819915555,0.058517431652754796,8.174309862821584,14.849766839390796,0.004602766203457673,-0.0016826280139922193,0.15393410848373304,0.12275281849245315,1.4817742449182334,1.0453145579437697,7.201152306358259,7.865209221746814,0.3138458931170453,0.34270262554354247,15.909562709597294,15.689493077119426,3.376817114995003,3.9795577624074205,0.05889502388103677,0.06951871489180618,0.4708865345067842,0.16410891384334939,0.32274417096133823,0.23155656228075602,0.7135004592076684,0.6899965137201424,3.033476424519043,2.6261379157429987,0.9302847418454525,1.2276622600648326,2.03815072134876,1.8972874950899448,0.0007511439804189336,0.04005175336864589,0.0370313402056506,0.029442021319160835,43.161764705882355,35.06617647058823,411.53475120025126,364.43750229254033,36.16595342351585,25.901490846960183,35.881829937847954,0.38654637628074,0.37512188442219535,0.4130848544509218,0.24685124843563952,0.276885159861488,0.2637313930181205
Dream,T2,R3,7.540552904515691,24.214,0.077,0.833,2.486,0.857,0.31,4.652,17.833,1.249,1.139,9.82,0.458,0.103,1567.003,0.835,1639.4095529045157,400.9457526,14.056052,10.91543953,425.9172441,3.014,8.864,86.4,1.6199999999999999,27.815510817596447,39.34627809590127,10.2,0.8832000000000001,0.46935730238189677,0.321537994871951,31.238476485102424,2.413333333333333,1.0933333333333335,18,150.83333333333334,1.28065722924626,2.50754858026767,0.3,8.35849526755891,86.79139,113.87937,30.29929,4.18686,17.25242,21.77083,257.63727,2.5955849056603766,3.32086149404547,-28.66559414486387,-27.651945095833014,0.05521849403179311,0.07084216106007606,8.912909229767159,16.200958182111105,0.05227872663202937,-0.002445705540500353,0.14705752101114913,0.10939460193886054,0.22642488589281756,0.03004390028144355,6.452253749412758,8.363861776290868,0.39878870044675074,0.3415450444736057,14.899032880126535,16.333701027820304,2.965376320997186,4.64108700120775,0.04360416661478044,0.07961033719422406,0.07057588102504019,0.07097926978333288,0.11220479313502062,0.04427482757989115,0.3654220471462296,0.17794518671401718,3.105250634281627,2.676453720105285,1.2018739913591532,1.1559923957208844,1.4757556644641159,2.0609525051062336,-0.003967803215285323,0.02487817576689432,0.033831173470879744,0.03145900092453866,33.57107843137254,38.01225490196078,326.0277598462906,369.6251935235393,36.759784221047475,29.86401755635208,31.238476485102424,0.3696124965660385,0.3655347737316383,0.46935730238189677,0.23417961397189724,0.25648382731499814,0.321537994871951
Dream,T4,R3,8.005199149587387,34.628,0.147,1.234,3.504,1.588,0.291,4.03,14.373,0.723,1.308,11.108,0.487,0.136,1065.18,0.931,1147.6731991495874,469.5234876,22.57703005,11.63067204,503.7311897,3.411,11.097999999999999,88.659793814433,1.8,36.24347590022833,47.56284264002731,11.6,0.9472000000000002,0.39295262151134974,0.2591677222917488,33.23825966674778,2.871111111111111,1.1946666666666668,14,230.71428571428572,1.29925459220369,2.33684099763866,0.2,11.6842049881933,177.14965,263.50641,32.52748,20.02869,15.89698,58.34028,545.9987,2.633165485086542,2.9834225075330796,-28.692028322672098,-27.1873135858961,0.06132731810173878,0.062191312658313916,8.517190194912565,12.461799572355073,0.05772983153872828,-0.0006650167999101608,0.18673650653926355,0.11582329014978483,0.43102356294116645,0.18270560252708593,6.000424999206532,6.9070037669290265,0.496216119833997,0.3384730117404138,14.749437394713437,14.968876968456664,2.8918485587548846,3.9645305930772587,0.04560554199542445,0.06067814342898403,0.14519968781330836,0.06876025856379556,0.20282631140134363,0.052211788414590905,0.5223968842487904,0.1894462115547099,2.977463097701454,2.3098947650271433,1.3895169119275836,1.0129735626407848,1.5838102666779177,1.7746631510681659,0.012081621274819312,0.030490336616991385,0.023290954528241162,0.023630590207897515,34.095588235294116,28.943627450980383,327.4014618330528,294.0529051201908,34.903431981314085,32.6607211730271,33.23825966674778,0.44042999552313156,0.36118593754769335,0.39295262151134974,0.2866257389375575,0.24455208428721098,0.2591677222917488
Dream,T1,R2,6.505165859873603,20.983,0.21,0.682,1.959,0.633,0.211,3.998,11.203,0.749,1.213,8.701,0.404,0.125,1839.385,0.845,1897.8061658598735,388.4037552,17.28776128,15.32139473,421.0129112,2.545,12.898,86.13138686131387,1.8,29.113435066558257,39.72949785738551,11.0,0.8192000000000002,0.4836384471373477,0.28246778435741626,41.73760554234165,3.102222222222222,1.0231111111111113,15,232.66666666666666,1.3793128778487,2.38264272805371,0.2,11.9132136402685,180.37339,93.36736,31.89763,3.20643,22.95412,35.74306,194.12235,2.5987609828741616,3.116457142857142,-28.431753341175707,-27.348968750184873,0.05262027639797329,0.07786511588788689,9.855814237573906,13.669045449208065,0.04260513768529932,-0.0010918256420804804,0.17831630617839714,0.14512057580502516,0.35407054843931096,0.5771400694898573,6.6446147497694295,8.249909763862693,0.5021905432701775,0.362068684604194,13.724724623004775,15.973338372418967,3.3452895841824297,4.253500823397177,0.04894913797198054,0.056762130360164476,0.044858038696551764,0.356929497803579,0.08040071517626747,0.24236036277521428,0.3709832480352132,0.3390813475515354,2.806091751179634,2.5042681213471454,1.4585986397991932,4.1860972595289905,1.5459846070266703,1.936690853775629,0.0024072397389243074,0.029195727402257815,0.028706593246859768,0.028416619988316624,35.43137254901961,32.86274509803921,338.2147055080146,326.60251538500506,36.85295018827951,33.33960066142686,41.73760554234165,0.3679978989245338,0.3800682722342617,0.4836384471373477,0.23199777682813877,0.2533612544047967,0.28246778435741626
Dream,T3,R2,11.063375107344914,49.849,0.186,0.929,1.407,0.873,0.283,4.386,24.906,1.53,1.347,14.377,0.444,0.101,1076.789,0.797,1189.2673751073448,242.1271011,12.69946647,12.33567874,267.1622463,1.765,9.346,82.35294117647061,1.7400000000000002,26.410097008012205,47.95488921893158,10.5,0.7680000000000001,0.4167550593693715,0.21583399468880626,47.83623798538847,2.016888888888889,0.9271111111111111,18,126.05555555555556,1.36975970928177,2.07702836267456,0.2,10.3851418133728,95.21602,133.20078,36.97581,5.22341,21.33348,71.32639,526.13273,2.3120336134453776,3.074772389746238,-28.80793202536971,-27.894936191839406,0.054457508429241436,0.09042302924968487,9.43894003901077,14.44773481031497,0.03453876245069067,0.009573123887101444,0.17564974055484991,0.17862668180076782,0.40636144842040145,-0.10745990540785538,6.504625505432804,7.967725808947617,0.4471178316737966,0.40632824537018797,15.838116748762454,18.2893535024522,2.6856488926104607,4.5321894960753095,0.04875603479971181,0.062317178451608383,0.11729064578061263,0.21015477015794154,0.1643758418773857,0.11729973936434855,0.3564239847929511,0.09055082763138597,2.995356259099569,2.6620392747156676,1.2375032574343556,1.4344145526422902,1.463625355154885,1.779566889077307,0.002688123094156452,0.054593950293258496,0.025400763138956964,0.027560429994757177,34.96323529411765,36.286764705882355,338.6597761925383,356.73185908260274,31.1033591500914,32.73487870216446,47.83623798538847,0.4280473861196745,0.3885160285434231,0.4167550593693715,0.29407679863252,0.26169899677461983,0.21583399468880626
Dream,T4,R1,11.854041504712612,57.887,0.197,0.994,1.187,0.843,0.183,4.202,37.963,1.343,1.561,15.698,0.461,0.095,643.239,1.255,778.9620415047126,195.3695243,9.8886033,9.82223273,215.0803604,1.984,8.618,81.63265306122452,1.44,28.479107810996485,46.99706586586018,10.4,0.7040000000000001,0.4856314164199295,0.3072498550105305,36.974860664840676,2.925333333333333,1.208888888888889,16,205.6875,1.32905889893614,2.41870264465653,0.3,8.06234214885512,153.75927,82.4106,28.89256,2.20168,20.0517,32.99306,366.04194,2.6171532910561988,3.2140209508460917,-28.034223974905835,-27.52282430423129,0.05829836520672712,0.07576708817030482,9.5763192022284,14.511076390456694,0.011877059800613536,0.06472829718842579,0.14933975450087347,0.10821205839881615,0.11413787132336287,0.5052409558593757,6.4134300472055195,8.603627513795995,0.4175317461750243,0.30930224183006283,13.713147378188387,18.492009575628234,3.445553797416717,3.9054575136370024,0.04813217524586074,0.05621610006988991,0.17197524816411855,1.736869247107634,0.23473741138486434,0.05607389114208337,0.24796458101085256,0.23781998399022986,2.9293666825227938,2.8445726903772948,1.1917758244248995,1.3258532579625937,1.6114730465697318,1.915590347760285,0.01051352998016816,0.04439598375542734,0.025289313506972066,0.02630728706822726,29.63480392156863,33.28676470588235,302.05691490743686,320.9909807703216,31.07149519229572,24.110443826581413,36.974860664840676,0.4393975814739065,0.3407428463382948,0.4856314164199295,0.30215678194601275,0.2587765262897275,0.3072498550105305
Dream,T2,R1,7.350338822063934,29.964,0.223,0.856,1.717,1.059,0.234,2.534,13.59,0.691,1.366,10.278,0.425,0.059,1778.241,1.153,1849.740338822064,385.3483072,14.9161136,11.19814295,411.4625637,2.235,9.574,87.8048780487805,1.24,29.590611128368952,47.44841936250353,10.7,0.8064,0.4812489825300402,0.31492157850289426,34.16222446543547,2.288888888888889,1.2844444444444443,17,151.47058823529412,1.29751473349105,2.42115797564941,0.3,8.07052658549804,13.60322,62.34036,4.60964,0.0,23.98543,68.14583,426.17164,2.299926539629936,3.3306922978341658,-28.722529297066206,-27.44860526653896,0.04957380203074187,0.06282775755532499,8.224794984559379,14.146489899382841,0.031529334240721546,0.004998461526649596,0.16615230636832354,0.08649379246689057,0.38702833030857786,0.016797211974180666,6.50772054667829,7.51314355253914,0.4425166640950474,0.24877048265298576,14.722699793583603,15.629487135484627,2.579229735284833,4.245336025652941,0.04031685220742581,0.04090928733149105,0.09023652908577925,3.911132684864817,0.1299278021733752,0.3418963791680288,0.5531550759342874,0.5226015078102846,2.941852927977005,2.275064447290045,1.2003863662142984,0.6876208180285052,1.3916437678979108,1.7971595313521795,0.013497540501799719,0.039953110704620313,0.02685167030339783,0.025544738860771223,37.78431372549019,64.78921568627452,371.16221734273273,640.1463855970212,37.15995587299986,24.339188332287677,34.16222446543547,0.4742402043079672,0.3707607538095767,0.4812489825300402,0.2981336421354655,0.2804433370979718,0.31492157850289426
